1;anifire.creator.components.CCPreloader_imgBarTrack
2;anifire.creator.components.CCPreloader_imgBarFill
3;anifire.creator.components.CCPreloader_imgLogo
0;_creator_mx_managers_SystemManager
5;mx.skins.cursor.BusyCursor
9;mx.skins.cursor.DragLink
10;mx.skins.cursor.DragMove
13;mx.skins.cursor.DragReject
15;mx.skins.cursor.DragCopy
16;anifire.creator.components.TopButtons__embed_mxml__styles_images_toolbar_btn_undo_disabled_png_787097681
18;anifire.creator.components.TypeChooserSpark__embed_mxml__styles_images_assets_ico_face_png_970077817
17;anifire.creator.components.ScaleChooserSpark__embed_mxml__styles_images_details_btn_arrowd_init_png_1773134361
20;anifire.creator.components.TypeChooserSpark__embed_mxml__styles_images_assets_ico_back_prop_png_539571047
19;anifire.creator.components.facePreview__embed_mxml__styles_images_control_btn_zoomin_over_png_2041564305
21;anifire.creator.components.TypeChooserSpark__embed_mxml__styles_images_assets_ico_eyebrow_png_289958927
22;anifire.creator.components.DirectionControlSpark__embed_mxml__styles_images_details_arrow_left_init_png_2016395353
23;anifire.creator.components.CcComponentPropertyInspectorSpark__embed_mxml__styles_images_details_btn_scale_up_x_init_png_1059404687
25;anifire.creator.components.CcColorPickerElementSpark__embed_mxml__styles_images_icons_color_lower_png_945842545
24;anifire.creator.components.ComponentItemRenderer__embed_mxml__styles_images_thumbBox_btn_remove_over_png_1717937423
27;anifire.creator.components.ComponentThumbChooserSpark__embed_mxml__styles_images_thumbBox_scrollup_init_png_50270743
26;anifire.creator.components.CcComponentPropertyInspectorSpark__embed_mxml__styles_images_details_btn_closer_init_png_1747942489
28;anifire.creator.components.ComponentItemRenderer__embed_mxml__styles_images_thumbBox_btn_remove_init_png_1733973271
29;anifire.creator.components.DecorationItemRenderer__embed_mxml__styles_images_control_btn_delete_over_png_399623047
32;anifire.creator.components.ScaleChooserSpark__embed_mxml__styles_images_details_btn_arrowr_init_png_240172175
31;anifire.creator.components.CcComponentPropertyInspectorSpark__embed_mxml__styles_images_details_btn_anchor_disabled_png_21445007
30;anifire.creator.components.CcColorPickerElementSpark__embed_mxml__styles_images_icons_color_len_png_1257928537
33;anifire.creator.components.DirectionControlSpark__embed_mxml__styles_images_details_arrow_right_init_png_799684359
34;anifire.creator.components.CcColorPickerElementSpark__embed_mxml__styles_images_icons_color_upper_png_813515121
35;anifire.creator.components.CcColorPickerElementSpark__embed_mxml__styles_images_icons_color_eyebrow_png_87494769
36;anifire.creator.components.DirectionControlSpark__embed_mxml__styles_images_details_arrow_down_over_png_2024694641
37;anifire.creator.components.TypeChooserSpark__embed_mxml__styles_images_typebar_step_arrowr_over_png_1377950441
38;anifire.skins.ColorInputPanelSkin__embed_mxml__styles_images_colorpalette_slider_control_png_690206472
39;anifire.creator.components.TypeChooserSpark__embed_mxml__styles_images_typebar_step_arrowr_disabled_png_1206832903
40;anifire.creator.skins.FlatColorPickerSkin__embed_mxml__styles_images_panel_text_nocolor_png_2012769295
41;anifire.creator.components.ScaleChooserSpark__embed_mxml__styles_images_details_btn_bodytype01_over_png_238085713
42;anifire.creator.components.TopButtons__embed_mxml__styles_images_toolbar_btn_redo_disabled_png_787150353
43;creator__embed__font_StudioSparkMain_bold_normal_1322092866
45;anifire.creator.components.ComponentThumbChooserSpark__embed_mxml__styles_images_thumbBox_scrolldown_disabled_png_1546586895
44;anifire.creator.components.DirectionControlSpark__embed_mxml__styles_images_details_arrow_right_down_png_1580554897
46;anifire.creator.components.CcComponentPropertyInspectorSpark__embed_mxml__styles_images_details_btn_rotate_left_init_png_1608333063
47;anifire.creator.components.ComponentThumbChooserSpark__embed_mxml__styles_images_thumbBox_scrollup_disabled_png_1872844815
49;anifire.creator.components.CcComponentPropertyInspectorSpark__embed_mxml__styles_images_details_btn_wider_init_png_1305000977
48;anifire.creator.components.DirectionControlSpark__embed_mxml__styles_images_details_arrow_down_down_png_399522967
1;anifire.creator.components.CCLoadingScreen__embed_mxml__styles_images_preloader_loading_track_png_1980779633
50;anifire.component.CustomCharacterMaker_GoColorMapShaderClass
51;anifire.creator.components.ScaleChooserSpark__embed_mxml__styles_images_details_btn_arrowl_over_png_137116817
52;anifire.creator.components.DirectionControlSpark__embed_mxml__styles_images_details_bg_cross_png_798030607
54;anifire.creator.components.TypeChooserSpark__embed_mxml__styles_images_assets_ico_ear_png_285215279
53;anifire.creator.components.TopButtons__embed_mxml__styles_images_toolbar_btn_undo_over_png_246706319
56;anifire.creator.components.CcColorPickerElementSpark__embed_mxml__styles_images_icons_color_feet_png_1517167849
55;anifire.skins.EyeDropperButtonSkin__embed_mxml__styles_images_icons_icon_colorpicker_active_png_941909322
57;anifire.creator.components.ScaleChooserSpark__embed_mxml__styles_images_details_ico_drag_body_min_png_786442641
58;anifire.creator.components.DirectionControlSpark__embed_mxml__styles_images_details_arrow_up_down_png_259810215
59;anifire.creator.components.CcColorPickerElementSpark__embed_mxml__styles_images_icons_color_acc_png_1056700017
60;anifire.creator.components.TypeChooserSpark__embed_mxml__styles_images_typebar_step_arrowr_init_png_1379232273
61;anifire.creator.components.DecorationItemRenderer__embed_mxml__styles_images_control_btn_delete_init_png_164639887
62;anifire.creator.components.CcComponentPropertyInspectorSpark__embed_mxml__styles_images_panel_btn_close_init_png_271929049
63;anifire.creator.components.TopButtons__embed_mxml__styles_images_toolbar_btn_save_disabled_png_971700305
64;anifire.creator.components.DirectionControlSpark__embed_mxml__styles_images_details_arrow_up_over_png_1236508537
65;anifire.creator.components.TypeChooserSpark__embed_mxml__styles_images_assets_ico_upper_body_png_246182023
67;anifire.creator.components.TypeChooserSpark__embed_mxml__styles_images_assets_ico_mustache_png_85452817
66;anifire.creator.components.CcComponentPropertyInspectorSpark__embed_mxml__styles_images_details_btn_scale_up_x_over_png_474783639
68;anifire.creator.components.ScaleChooserSpark__embed_mxml__styles_images_details_ico_drag_head_min_png_955069713
69;anifire.creator.components.ConfirmPopUp_imgError
70;anifire.creator.components.TopButtons__embed_mxml__styles_images_toolbar_btn_undo_init_png_1900781177
73;anifire.creator.components.ComponentThumbChooserSpark__embed_mxml__styles_images_thumbBox_scrolldown_over_png_1580853969
72;anifire.creator.components.TypeChooserSpark__embed_mxml__styles_images_assets_ico_mouth_png_1871714575
71;anifire.creator.components.ScaleChooserSpark__embed_mxml__styles_images_details_btn_bodytype03_over_png_535119527
74;anifire.creator.components.CcComponentPropertyInspectorSpark__embed_mxml__styles_images_details_btn_scale_up_y_init_png_399333767
77;anifire.creator.components.ScaleChooserSpark__embed_mxml__styles_images_details_btn_bodytype03_init_png_1073560239
76;anifire.creator.components.TopButtons__embed_mxml__styles_images_toolbar_btn_redo_over_png_1900777041
75;anifire.creator.components.CcColorPickerElementSpark__embed_mxml__styles_images_icons_color_beard_png_999389201
3;anifire.creator.components.CCLoadingScreen__embed_mxml__styles_images_preloader_loading_logo_png_41260647
78;anifire.creator.components.TypeChooserSpark__embed_mxml__styles_images_typebar_step_arrowl_disabled_png_1347800335
79;anifire.creator.components.DirectionControlSpark__embed_mxml__styles_images_details_arrow_down_init_png_2041527401
80;anifire.creator.components.ScaleChooserSpark__embed_mxml__styles_images_details_btn_arrowl_init_png_1982849129
81;anifire.creator.components.ScaleChooserSpark__embed_mxml__styles_images_details_btn_arrowd_over_png_1219447441
82;anifire.creator.components.ConfirmPopUp_imgAlert
65;anifire.creator.components.TypeChooserSpark__embed_mxml__styles_images_assets_icon_upperbody_png_381444503
83;anifire.creator.components.CcColorPickerElementSpark__embed_mxml__styles_images_icons_color_backprop_png_609943823
85;anifire.creator.components.ScaleChooserSpark__embed_mxml__styles_images_panel_btn_close_over_png_802771247
84;anifire.creator.components.CcColorPickerElementSpark__embed_mxml__styles_images_icons_color_frame_png_945895785
10;_class_embed_css_Assets_swf__547990506_mx_skins_cursor_DragMove_942662353
86;anifire.creator.components.TypeChooserSpark__embed_mxml__styles_images_assets_ico_face_dec_png_993584527
87;anifire.skins.EyeDropperButtonSkin__embed_mxml__styles_images_icons_icon_colorpicker_png_2013338078
89;anifire.creator.components.ScaleChooserSpark__embed_mxml__styles_images_details_btn_bodytype01_init_png_272414375
88;anifire.creator.components.facePreview__embed_mxml__styles_images_control_btn_zoomout_over_png_1369559785
13;_class_embed_css_Assets_swf__547990506_mx_skins_cursor_DragReject_544877761
91;anifire.creator.components.TopButtons__embed_mxml__styles_images_toolbar_btn_gear_init_png_155426641
90;anifire.creator.components.CcColorPickerElementSpark__embed_mxml__styles_images_icons_color_mouth_png_811197553
92;anifire.creator.components.ComponentThumbChooserSpark__embed_mxml__styles_images_thumbBox_scrollup_over_png_47021583
93;anifire.creator.components.CcColorPickerElementSpark__embed_mxml__styles_images_icons_color_hair_png_1349478129
94;anifire.creator.components.TopButtons__embed_mxml__styles_images_toolbar_btn_gear_over_png_1764994921
95;anifire.creator.components.facePreview__embed_mxml__styles_images_control_btn_zoomout_init_png_1867130159
5;_class_embed_css_Assets_swf__547990506_mx_skins_cursor_BusyCursor_624195339
96;anifire.creator.components.CcColorPickerElementSpark__embed_mxml__styles_images_icons_color_lower_minor_png_105952111
97;anifire.creator.components.CcComponentPropertyInspectorSpark__embed_mxml__styles_images_details_btn_rotate_left_over_png_1911474959
99;anifire.creator.components.facePreview__embed_mxml__styles_images_control_btn_zoomin_init_png_2024743705
98;anifire.creator.components.DirectionControlSpark__embed_mxml__styles_images_details_arrow_up_init_png_1766035313
101;anifire.creator.components.TypeChooserSpark__embed_mxml__styles_images_assets_ico_lower_body_png_246706063
100;anifire.creator.components.ScaleChooserSpark__embed_mxml__styles_images_details_btn_bodytype04_init_png_342169967
102;anifire.creator.components.TopButtons__embed_mxml__styles_images_toolbar_btn_redo_init_png_1900781161
103;anifire.creator.components.CcComponentPropertyInspectorSpark__embed_mxml__styles_images_details_btn_rotate_right_over_png_103458711
105;anifire.creator.components.TypeChooserSpark__embed_mxml__styles_images_typebar_step_arrowl_init_png_777661207
104;anifire.creator.components.CcComponentPropertyInspectorSpark__embed_mxml__styles_images_details_btn_rotate_right_init_png_87675823
107;anifire.creator.components.CcComponentPropertyInspectorSpark__embed_mxml__styles_images_details_btn_scale_down_x_over_png_32887673
106;anifire.creator.components.CcComponentPropertyInspectorSpark__embed_mxml__styles_images_details_btn_scale_up_over_png_703393913
108;creator__embed__font_StudioSparkMain_medium_italic_2002013932
109;anifire.skins.ColorInputPanelSkin__embed_mxml__styles_images_colorpalette_color_input_panel_gradient_png_1040497290
111;anifire.creator.components.TypeChooserSpark__embed_mxml__styles_images_assets_ico_eye_png_2124397041
110;anifire.creator.components.TypeChooserSpark__embed_mxml__styles_images_typebar_step_arrowl_over_png_560871183
113;anifire.creator.components.ScaleChooserSpark__embed_mxml__styles_images_details_ico_drag_body_max_png_15496553
112;anifire.creator.components.DirectionControlSpark__embed_mxml__styles_images_details_arrow_left_down_png_231750799
114;creator__embed__font_StudioSparkMain_medium_normal_258717477
115;anifire.creator.components.CcComponentPropertyInspectorSpark__embed_mxml__styles_images_details_btn_scale_down_x_init_png_1724197745
2;anifire.creator.components.CCLoadingScreen__embed_mxml__styles_images_preloader_loading_fill_png_1929158167
116;anifire.creator.components.TypeChooserSpark__embed_mxml__styles_images_assets_ico_nose_png_972289873
117;anifire.creator.components.TypeChooserSpark__embed_mxml__styles_images_assets_ico_glasses_png_778597383
118;anifire.creator.components.CcColorPickerElementSpark__embed_mxml__styles_images_icons_color_eyeiris_png_634786169
119;anifire.creator.components.TypeChooserSpark__embed_mxml__styles_images_assets_ico_hand_png_14365849
28;anifire.creator.components.DecoThumbRenderer__embed_mxml__styles_images_thumbBox_btn_remove_init_png_1733973271
120;anifire.creator.components.TypeChooserSpark__embed_mxml__styles_images_assets_ico_shoe_png_1056716433
121;anifire.creator.components.CcColorPickerElementSpark__embed_mxml__styles_images_icons_color_acc_minor_png_158699631
122;anifire.creator.components.CcComponentPropertyInspectorSpark__embed_mxml__styles_images_details_btn_wider_over_png_1791656345
123;anifire.creator.components.CcColorPickerElementSpark__embed_mxml__styles_images_icons_color_hand_png_1771084079
124;anifire.creator.components.CcComponentPropertyInspectorSpark__embed_mxml__styles_images_details_btn_anchor_over_png_1890460273
125;anifire.creator.components.CcComponentPropertyInspectorSpark__embed_mxml__styles_images_details_btn_anchor_init_png_1907358313
126;anifire.creator.components.CcColorPickerElementSpark__embed_mxml__styles_images_icons_color_eyelid_png_1509977049
127;anifire.creator.components.DirectionControlSpark__embed_mxml__styles_images_details_arrow_right_over_png_1875258127
128;anifire.creator.components.DirectionControlSpark__embed_mxml__styles_images_details_arrow_left_over_png_2016373841
129;anifire.creator.components.ScaleChooserSpark__embed_mxml__styles_images_details_btn_arrowu_over_png_89243535
24;anifire.creator.components.DecoThumbRenderer__embed_mxml__styles_images_thumbBox_btn_remove_over_png_1717937423
62;anifire.creator.components.ScaleChooserSpark__embed_mxml__styles_images_panel_btn_close_init_png_271929049
9;_class_embed_css_Assets_swf__547990506_mx_skins_cursor_DragLink_942636778
130;anifire.creator.components.CcColorPickerElementSpark__embed_mxml__styles_images_icons_color_mustache_png_270990577
131;anifire.creator.components.TypeChooserSpark__embed_mxml__styles_images_assets_ico_hair_png_568588401
133;anifire.creator.components.CcColorPickerElementSpark__embed_mxml__styles_images_icons_color_hair_minor_png_24581743
132;anifire.creator.components.ConfirmPopUp_imgConfirm
135;anifire.creator.components.ScaleChooserSpark__embed_mxml__styles_images_details_btn_arrowu_init_png_105911175
134;anifire.creator.components.TopButtons__embed_mxml__styles_images_toolbar_btn_save_over_png_381444207
136;anifire.creator.components.CcComponentPropertyInspectorSpark__embed_mxml__styles_images_details_btn_scale_down_over_png_69671319
137;anifire.creator.components.CcComponentPropertyInspectorSpark__embed_mxml__styles_images_details_btn_scale_up_y_over_png_939506063
138;anifire.creator.components.CcComponentPropertyInspectorSpark__embed_mxml__styles_images_details_btn_scale_down_init_png_121944559
139;anifire.creator.components.ScaleChooserSpark__embed_mxml__styles_images_details_btn_arrowr_over_png_256906391
50;anifire.cc.view.CcComponent_GoColorMapShaderClass
140;anifire.creator.components.CcColorPickerElementSpark__embed_mxml__styles_images_icons_color_upper_minor_png_240125103
38;anifire.skins.ColorInputPanelHueSliderThumbSkin__embed_mxml__styles_images_colorpalette_slider_control_png_690206472
141;anifire.creator.components.CcColorPickerElementSpark__embed_mxml__styles_images_icons_color_face_png_1435625239
143;anifire.creator.components.ScaleChooserSpark__embed_mxml__styles_images_details_btn_bodytype04_over_png_927418087
142;anifire.creator.components.CcColorPickerElementSpark__embed_mxml__styles_images_icons_color_backprop_minor_png_2009028623
145;anifire.creator.components.ScaleChooserSpark__embed_mxml__styles_images_details_btn_bodytype02_init_png_122640111
144;anifire.creator.components.CcComponentPropertyInspectorSpark__embed_mxml__styles_images_details_btn_scale_down_y_over_png_101307257
147;anifire.creator.components.CcComponentPropertyInspectorSpark__embed_mxml__styles_images_details_btn_closer_over_png_137347921
146;anifire.skins.ColorInputPanelHueSliderTrackSkin__embed_mxml__styles_images_colorpalette_hue_slider_bg_png_1028489132
148;anifire.creator.components.ScaleChooserSpark__embed_mxml__styles_images_details_ico_drag_head_max_png_1121022321
150;anifire.creator.components.ComponentThumbChooserSpark__embed_mxml__styles_images_thumbBox_scrolldown_init_png_1641784615
149;anifire.creator.components.CcComponentPropertyInspectorSpark__embed_mxml__styles_images_details_btn_scale_up_init_png_1239561329
151;anifire.managers.NativeCursorManager_imgCursor1
152;anifire.creator.components.ScaleChooserSpark__embed_mxml__styles_images_details_btn_bodytype02_over_png_8207207
40;anifire.creator.components.ColorDisplayGroup__embed_mxml__styles_images_panel_text_nocolor_png_2012769295
85;anifire.creator.components.CcComponentPropertyInspectorSpark__embed_mxml__styles_images_panel_btn_close_over_png_802771247
15;_class_embed_css_Assets_swf__547990506_mx_skins_cursor_DragCopy_942374773
153;anifire.creator.components.CcComponentPropertyInspectorSpark__embed_mxml__styles_images_details_btn_scale_down_y_init_png_1727383665
156;anifire.creator.components.TypeChooserSpark__embed_mxml__styles_images_assets_ico_beard_png_1737554191
155;anifire.creator.components.TopButtons__embed_mxml__styles_images_toolbar_btn_save_init_png_913600663
154;anifire.managers.NativeCursorManager_imgCursor4
157;anifire.managers.NativeCursorManager_imgCursor3
158;anifire.managers.NativeCursorManager_imgCursor2
